{"train_loss": 0.22963041067123413, "valid_loss": 0.34077534079551697, "valid_acc": 0.4067796610169492, "_timestamp": 1706534611.189319, "_runtime": 347.41127490997314, "_step": 56, "test_acc": 0.4915254237288136}