{"valid_acc": 0.423728813559322, "valid_loss": 0.3435894846916199, "_timestamp": 1706531825.8276186, "_runtime": 19.922354698181152, "_step": 51}