{"train_loss": 0.22772079706192017, "valid_loss": 0.3264346122741699, "valid_acc": 0.423728813559322, "_timestamp": 1706540977.646942, "_runtime": 122.43725800514221, "_step": 102, "test_acc": 0.559322033898305, "_wandb": {"runtime": 15}}