{"train_loss": 0.23079875111579895, "valid_loss": 0.3399267792701721, "valid_acc": 0.423728813559322, "_timestamp": 1706541047.6131468, "_runtime": 10.89169979095459, "_step": 36, "test_acc": 0.423728813559322}