{"valid_acc": 0.4067796610169492, "valid_loss": 0.4120093286037445, "_timestamp": 1706531664.9648256, "_runtime": 123.24380469322205, "_step": 19}