{"valid_acc": 0.3898305084745763, "valid_loss": 0.3387129604816437, "_timestamp": 1706533754.9252365, "_runtime": 1642.974039554596, "_step": 164, "predictions": {"true_labels": [0.767069399356842, 0.8354251980781555, 0.7830780744552612, 0.9265149235725403, 0.31426215171813965, -0.04045063257217407, -0.053781658411026, 0.048343732953071594, 0.2375085949897766, 0.6419196128845215, 0.520489513874054, 0.9758545756340027, 0.9751816391944885, 0.8306999206542969, 0.8383534550666809, 0.8713786005973816, 0.8831355571746826, 0.9034420847892761, 0.9990770220756531, 0.7777264714241028, 0.7065775394439697, 0.8642143607139587, 0.7983296513557434, 0.5947788953781128, 0.1287958323955536, 0.8505820631980896, 0.02080327272415161, 0.8545995950698853, 0.8268449306488037, 0.34054046869277954, 0.854383111000061, -0.009534582495689392, 0.5574341416358948, -0.15293331444263458, 0.46761786937713623, 0.6691651940345764, 0.9216236472129822, 0.9052292108535767, 0.863347053527832, 0.8739920258522034, 0.7160338759422302, 0.9684277176856995, 0.8260090351104736, -0.08295229077339172, -0.011601321399211884, -0.10057345032691956, 0.06680428981781006, 0.4361604154109955, 0.6218491196632385, 0.8587465286254883, 0.9663295745849609, 0.8645333647727966, 0.6834570169448853, 0.26460883021354675, -0.03722865879535675, 0.019426628947257996, 0.0898408591747284, 0.025246858596801758, 0.07902264595031738, 0.9186093211174011]}, "true_labels": {"true_labels": [0.8571428656578064, 0.7142857313156128, 1.0952380895614624, 0.6666666865348816, 0.0, -0.3076923191547394, -0.05882352963089943, 0.2222222238779068, 0.7222222089767456, 0.5, 1.615384578704834, 2.047619104385376, 1.0232558250427246, 0.9772727489471436, 1.0, 1.085714340209961, 1.394736886024475, 1.487804889678955, 0.7692307829856873, 0.6410256624221802, 0.9743589758872986, 0.8421052694320679, 0.6285714507102966, 0.30000001192092896, 0.7857142686843872, 0.07692307978868484, 0.8461538553237915, 0.7692307829856873, 0.5454545617103577, 0.8181818127632141, 0.27272728085517883, 0.4000000059604645, -0.5, 0.5333333611488342, 0.7857142686843872, 1.4615384340286255, 1.105263113975525, 1.047619104385376, 0.8636363744735718, 0.7727272510528564, 1.2142857313156128, 1.0, -0.25, -0.4000000059604645, -1.2142857313156128, -0.12903225421905518, 0.5714285969734192, 0.6857143044471741, 0.6857143044471741, 1.559999942779541, 0.9743589758872986, 0.6410256624221802, 0.5641025900840759, -0.2631579041481018, -0.2916666567325592, 0.032258063554763794, -0.09677419066429138, -0.06060606241226196, 0.8636363744735718, 0.42105263471603394]}, "test_acc": 0.5084745762711864, "train_loss": 0.22609125077724457}